Parameter,Estimate,Standard Error,t-value,p-value
Const_L,0.028822612848006614,1.612632381406661,0.01787302126654888,0.9857442074743767
phiL_1,-0.12094367273467764,2.535842500491605,-0.04769368472656767,0.9619712010883894
Const_H,-11.95709195649326,626.8250429937441,-0.01907564493496568,0.9847850894209571
phiH_1,-11.039198798797795,562.3609300640223,-0.01963009556432206,0.9843429105404697
gamma,0.0007090087519394167,0.042287915281057145,0.016766226171877924,0.9866269184647856
threshold,-1.8261116385343585,57.77427333519099,-0.03160769548653159,0.9747920816268598
